numero_id,prix,code_postal,date_vendu,nbr_pieces,jardin
ma216729,493645,H2N1M1,3/21/2015,3,1
du892839,625010,H2C9I1,5/17/2015,3,1
ma142310,461496,H1X9D1,3/13/2015,1,1
ma15436,420047,H2G8M1,3/22/2015,2,1
ma129988,443550,H2G8R1,1/2/2015,1,1
ma102487,403012,H2E7F1,5/31/2015,4,1
tr322745,745414,H3W7R1,6/7/2015,3,1
ma805883,433313,H2Y7L1,4/8/2015,3,1
ma755317,519256,H2W5H1,1/29/2015,4,1
tr187299,671483,H1Y5O1,1/21/2015,5,1
tr909092,615937,H1P5Z1,3/4/2015,3,1
ma460645,387851,H2G5V1,5/4/2015,2,1
ma641402,398174,H3B5J1,3/18/2015,1,1
du526731,666101,H3C5M1,5/21/2015,3,1
ma469393,465599,H2M4Q1,4/16/2015,2,1
tr397424,663185,H3Z4E1,3/24/2015,4,1
du404913,608580,H1R4E1,4/30/2015,1,1
ma913629,390875,H2G4P1,1/8/2015,4,1
ma913803,366195,H2H4A1,6/16/2015,1,1
tr639617,590698,H4B4N1,1/13/2015,5,1
du410459,653040,H1T3T1,3/12/2015,4,1
ma598012,473058,H2E3Z1,2/24/2015,2,1
ma801916,499327,H2V2H1,5/8/2015,3,1
tr325160,669631,H3X2T1,2/3/2015,2,1
du564107,635139,H2V2Q1,5/29/2015,2,1
ma756577,434065,H2Z2L1,3/6/2015,2,1
tr505153,669265,H3N1D1,5/8/2015,5,1
tr69984,617461,H3N1Y1,5/20/2015,3,1
du468802,632956,H2W1A1,3/7/2015,3,1
du851453,624062,H2G1N1,3/21/2015,2,1
du887256,630584,H1Y1R1,4/26/2015,1,1
du788160,632158,H2T1R1,4/30/2015,1,1
ma163248,432375,H2K1V1,6/19/2015,1,1
ma979597,500737,H3B1H1,3/2/2015,2,1
ma981289,476126,H3C1J1,2/3/2015,4,1
ma691341,479326,H2W1D1,2/23/2015,4,1
du148491,633642,H3W0A1,3/28/2015,5,1
ma990976,432265,H2B0V1,6/14/2015,1,1
du752253,637651,H2X0M1,4/17/2015,4,1
ma467968,403256,H2L1A1,1/19/2015,5,1
du357713,595994,H2X1A9,4/3/2015,2,1
du275244,652619,H1N1D9,3/7/2015,2,1
ma351771,527229,H2P1X9,4/1/2015,3,1
ma86984,409266,H2Y1P9,6/26/2015,2,1
du137845,632903,H3P9Y9,5/17/2015,2,1
tr624884,664176,H4A9M9,6/14/2015,4,1
du564701,638272,H2W9W9,2/18/2015,4,1
ma957896,460554,H1K9Z9,1/16/2015,5,1
tr932234,686952,H3L9D9,1/21/2015,2,1
tr341289,607943,H4C9P9,3/24/2015,2,1
tr926778,637722,H2B9P9,3/19/2015,5,1
ma59156,526375,H1Z8B9,2/13/2015,1,1
tr428666,564343,H4J8P9,6/28/2015,1,1
ma338090,369243,H2H8L9,2/15/2015,1,1
tr277506,756955,H1N8S9,1/27/2015,1,1
ma357837,436173,H2V8E9,6/24/2015,3,1
ma667431,464435,H2Z8W9,4/21/2015,2,1
du886452,611616,H2R8W9,3/21/2015,4,1
ma111995,473387,H2M8M9,6/20/2015,5,1
du439834,640572,H2J8J9,3/15/2015,4,1
du435902,647647,H2H7H9,4/27/2015,2,1
ma725351,508673,H2E7E9,6/4/2015,2,1
du822498,647657,H3E7D9,6/2/2015,5,1
ma233104,477420,H3A7E9,6/17/2015,3,1
ma285595,450589,H2S7C9,2/23/2015,5,1
ma967752,499094,H1R7R9,2/18/2015,3,1
tr318061,602517,H3T7W9,1/21/2015,4,1
du873521,598755,H2N7A9,6/26/2015,4,1
ma203279,359696,H2N7G9,3/8/2015,3,1
du373517,653677,H1A7K9,3/25/2015,2,1
du50793,662535,H2W6F9,4/28/2015,3,1
du398285,604115,H1N6Q9,1/1/2015,4,1
ma459783,381904,H2C6N9,1/27/2015,4,1
tr219980,628439,H2L6L9,5/10/2015,1,1
tr48707,512830,H4K6U9,6/22/2015,4,1
du220883,633570,H1R6W9,2/28/2015,1,1
ma257563,395412,H2T6A9,3/31/2015,5,1
tr509246,706169,H3V6K9,4/20/2015,5,1
tr855948,681889,H2N6Q9,6/17/2015,2,1
tr921672,675157,H1W6T9,2/10/2015,3,1
du866838,646715,H2L6X9,6/10/2015,4,1
ma446229,479183,H1V6F9,2/7/2015,4,1
tr507568,673735,H3S6H9,4/3/2015,1,1
tr153661,594798,H2P6B9,1/2/2015,4,1
tr40130,663695,H4A6R9,1/19/2015,4,1
du119139,658748,H3K5W9,6/17/2015,2,1
du768487,614709,H3B5C9,4/1/2015,5,1
du355041,605793,H2T5I9,1/29/2015,5,1
du371114,589260,H3E5J9,1/14/2015,5,1
du587324,642442,H3A5Y9,6/1/2015,4,1
du958644,673014,H2M5R9,4/5/2015,2,1
tr709864,629714,H3R5I9,4/28/2015,1,1
du343835,648700,H2R5Y9,5/5/2015,5,1
tr117700,663821,H2N5T9,2/25/2015,2,1
ma773015,435730,H2V5W9,2/3/2015,5,1
du367673,617243,H3A4F9,3/12/2015,3,1
du461391,618654,H2N4N9,3/29/2015,5,1
ma380376,467907,H2W4K9,4/27/2015,1,1
tr43881,629725,H3K4F9,6/23/2015,2,1
ma473242,452306,H2R4R9,5/13/2015,4,1
du763792,625475,H3A4V9,5/11/2015,4,1
ma815951,433580,H1V4Z9,1/27/2015,4,1
ma234935,530904,H3B3R9,6/16/2015,5,1
du645412,619172,H2M3X9,2/28/2015,4,1
ma723465,521314,H2B3Q9,6/17/2015,5,1
ma244134,440189,H3C3T9,1/30/2015,2,1
ma472593,415584,H2P3E9,5/1/2015,2,1
ma772911,419289,H2T3Q9,1/6/2015,5,1
tr171600,631503,H2Z3E9,5/21/2015,1,1
du499168,636322,H2T3S9,4/22/2015,3,1
tr28421,669691,H1P2K9,3/2/2015,2,1
du420664,657073,H2B2S9,6/26/2015,5,1
ma262717,461756,H2Z2H9,5/25/2015,2,1
du816344,608437,H3B2A9,5/29/2015,2,1
tr893969,660296,H1G2L9,4/18/2015,3,1
ma155865,396482,H2H2N9,1/2/2015,4,1
ma615925,497064,H2R2I9,5/4/2015,4,1
du524821,656244,H3B2L9,3/12/2015,1,1
du294242,652023,H2P2K9,6/2/2015,5,1
ma731350,391487,H2J2Y9,4/28/2015,1,1
tr14034,677501,H1J2F9,6/5/2015,2,1
tr500581,625699,H3K2P9,2/13/2015,1,1
tr443224,704082,H3M2H9,4/4/2015,1,1
tr746181,646752,H4H2N9,5/17/2015,5,1
du473401,626648,H3A2R9,5/30/2015,5,1
ma603573,463541,H2K1E9,2/8/2015,3,1
ma857968,332132,H3E1Q9,1/27/2015,1,1
tr889631,599642,H1A1G9,2/13/2015,4,1
du608075,632132,H1Z1G9,2/17/2015,1,1
ma326041,482249,H1Z1D9,4/15/2015,2,1
tr20891,664959,H2H1H9,1/8/2015,3,1
ma12956,408667,H2E1E9,4/18/2015,5,1
tr24617,616042,H1L1T9,4/16/2015,1,1
tr899905,680684,H1J1N9,1/2/2015,4,1
du295033,637777,H2R1L9,4/30/2015,2,1
du964953,676794,H2P1Y9,4/11/2015,5,1
ma337729,449930,H2G1K9,3/2/2015,5,1
ma445161,419997,H3C1A9,3/24/2015,2,1
ma578590,462586,H1T1J9,2/2/2015,1,1
tr565159,658513,H3P0A9,4/13/2015,4,1
tr428150,629822,H4H0O9,4/19/2015,4,1
du939399,529139,H2C0C9,4/9/2015,1,1
ma521395,366193,H2V0N9,4/11/2015,4,1
ma793357,348887,H2S0F9,1/22/2015,5,1
tr760916,643585,H3K0Z9,4/7/2015,4,1
du963689,690887,H2N0T9,6/25/2015,1,1
tr190087,596413,H2A0A9,6/29/2015,5,1
ma309296,379986,H3C1Y8,5/8/2015,1,1
ma230304,425346,H2X9A8,1/11/2015,3,1
tr445859,575584,H3P9K8,1/27/2015,1,1
tr694777,640206,H3K9E8,4/22/2015,2,1
ma973680,489055,H2P9Y8,3/28/2015,5,1
tr962269,693006,H3T9L8,2/2/2015,4,1
du885120,650865,H2P9Q8,1/25/2015,4,1
ma785348,391555,H3E9P8,1/6/2015,4,1
tr395752,497824,H3Y9W8,1/19/2015,1,1
tr613420,655845,H3W9H8,5/17/2015,5,1
du82005,597989,H3C8S8,6/11/2015,1,1
du930584,651134,H1Z8N8,1/2/2015,4,1
ma279317,468526,H2P8B8,1/31/2015,5,1
ma478783,400620,H2Y8P8,1/6/2015,5,1
du804183,618970,H2Y8I8,3/30/2015,5,1
ma142076,461955,H2R8S8,2/2/2015,1,1
tr281506,669854,H1L8G8,4/5/2015,1,1
ma70428,407788,H3C8L8,3/27/2015,3,1
du682341,674280,H2V8R8,3/31/2015,2,1
tr532604,638705,H4H8W8,1/12/2015,3,1
ma710616,425163,H1X8C8,3/2/2015,4,1
ma868157,429815,H2X7O8,5/17/2015,4,1
du382579,695671,H1G7B8,2/20/2015,5,1
ma974119,439657,H2S7I8,1/16/2015,2,1
tr492151,612767,H3H7I8,4/24/2015,3,1
ma199629,491212,H2K7S8,6/4/2015,2,1
ma40656,442855,H2P7A8,5/20/2015,4,1
ma862843,394420,H2T7Y8,2/23/2015,3,1
ma886687,396253,H2P7J8,2/1/2015,4,1
ma854888,443467,H3B6X8,2/20/2015,3,1
ma286370,415725,H2T6X8,4/8/2015,1,1
tr124844,611527,H2R6U8,1/11/2015,3,1
du314808,609323,H2Z6Z8,5/25/2015,4,1
du804614,607829,H2Z6O8,6/25/2015,2,1
tr175242,622166,H3B5T8,6/10/2015,2,1
du139980,649870,H3R5U8,1/17/2015,4,1
ma46431,402411,H2K5Z8,3/25/2015,5,1
tr204113,639006,H2E5F8,3/13/2015,4,1
tr832601,628184,H2Z5V8,3/13/2015,2,1
tr35499,711408,H4H5D8,3/27/2015,1,1
du29636,679401,H2S5M8,6/9/2015,1,1
du41786,609866,H1Z5P8,6/19/2015,5,1
tr664970,633096,H4G5C8,3/25/2015,4,1
ma823130,444649,H1Y5W8,6/9/2015,5,1
tr149235,558166,H1N5K8,2/8/2015,1,1
ma960844,455769,H1M4Q8,2/18/2015,4,1
tr110215,570973,H2K4W8,1/25/2015,1,1
ma890170,522504,H2T4M8,3/8/2015,3,1
tr431325,693225,H4K4A8,6/25/2015,4,1
du228180,606334,H2R4T8,4/13/2015,3,1
du680413,618775,H2T4E8,6/10/2015,2,1
ma922324,450437,H2J4S8,3/5/2015,2,1
tr296720,670167,H3K4B8,4/26/2015,5,1
ma949362,432470,H1H4C8,2/26/2015,5,1
ma554399,446730,H2R4T8,1/30/2015,5,1
ma676807,424215,H3C4T8,1/28/2015,5,1
ma26382,431253,H3A4J8,5/14/2015,5,1
ma231322,505744,H2Z4W8,4/16/2015,1,1
tr199323,679764,H2C4D8,1/26/2015,5,1
tr15750,570633,H2V4Z8,4/17/2015,5,1
tr325821,538568,H3Y3Y8,5/2/2015,3,1
tr189715,618904,H1Z3P8,3/23/2015,4,1
ma191762,497243,H2G3O8,3/26/2015,3,1
tr235043,628502,H1A3C8,6/26/2015,4,1
tr571988,611771,H3R3S8,6/6/2015,1,1
ma469954,474083,H2N3W8,6/21/2015,5,1
tr259556,732777,H1R3O8,5/21/2015,1,1
ma948381,411291,H1G3V8,2/6/2015,1,1
tr318842,551297,H3V2E8,2/22/2015,2,1
tr836641,640742,H3B2X8,6/19/2015,3,1
ma137401,358671,H2L2I8,2/12/2015,4,1
ma98792,476668,H1Z2N8,3/6/2015,5,1
du107842,603803,H3J2Q8,6/10/2015,1,1
tr446158,579634,H3R2L8,6/26/2015,2,1
tr925366,533408,H1Z2I8,1/19/2015,5,1
ma992746,472801,H2C2C8,5/6/2015,3,1
ma142362,491831,H1Y2F8,6/3/2015,4,1
tr995794,596242,H3T2T8,5/25/2015,2,1
du188009,636502,H4B2H8,5/14/2015,2,1
tr500767,606563,H3L2A8,3/3/2015,2,1
ma381284,494325,H2X1L8,1/6/2015,4,1
ma636551,427437,H3A1H8,1/14/2015,2,1
ma893269,463233,H2Y1C8,5/1/2015,4,1
ma835069,476928,H2P1G8,4/14/2015,3,1
ma825336,432804,H2B1T8,4/2/2015,3,1
tr767505,727242,H3M0Q8,3/4/2015,4,1
du749709,578858,H2W0L8,1/12/2015,3,1
ma474150,503859,H2S0T8,5/27/2015,1,1
ma537529,405656,H2Y0C8,6/24/2015,5,1
ma115303,441274,H2P0B8,1/31/2015,3,1
ma179172,411818,H1Y0E8,5/16/2015,1,1
tr587817,668744,H3S1D7,5/28/2015,2,1
ma67405,378680,H3B1R7,2/9/2015,3,1
du216439,662385,H1N9A7,1/6/2015,5,1
tr561350,647391,H3N9P7,6/30/2015,1,1
ma72264,551731,H2A9A7,2/2/2015,1,1
tr973674,665964,H3K9B7,4/6/2015,2,1
du931733,646194,H2A9B7,1/2/2015,1,1
ma570008,405975,H3B9F7,3/25/2015,3,1
ma793137,485344,H2R8D7,5/18/2015,1,1
tr861561,556831,H2S8R7,5/1/2015,3,1
du787767,630487,H2S8E7,5/20/2015,3,1
ma414152,383914,H2T8E7,1/10/2015,3,1
du520703,664656,H2Z8J7,5/8/2015,5,1
ma125579,451094,H1Y8X7,6/28/2015,3,1
ma451183,510135,H1Z8K7,6/28/2015,1,1
tr242995,694716,H1J8E7,4/17/2015,1,1
ma976838,468800,H2X8S7,3/19/2015,3,1
du142578,644693,H3S7I7,6/2/2015,1,1
du468243,609757,H2V7Z7,2/12/2015,1,1
du645173,635119,H2L7C7,4/11/2015,5,1
ma529258,311309,H2X7V7,5/27/2015,4,1
ma368877,500298,H2Z7U7,3/3/2015,1,1
tr157340,668741,H2T7X7,5/22/2015,5,1
du679266,677240,H2S7W7,3/11/2015,4,1
ma259474,372344,H2V7S7,4/17/2015,1,1
du305842,647431,H2V6B7,1/2/2015,3,1
ma858640,394521,H2N6W7,3/29/2015,2,1
tr898047,629742,H1H6M7,5/28/2015,1,1
du154372,632741,H4A6G7,2/8/2015,5,1
ma987449,454847,H1Y6M7,5/11/2015,4,1
ma212578,428888,H2R6J7,3/23/2015,2,1
ma760684,480856,H3C6B7,6/25/2015,1,1
tr808138,656913,H4A6S7,1/19/2015,4,1
ma487809,385518,H3C6F7,4/19/2015,1,1
ma937212,420011,H2R6K7,5/17/2015,4,1
ma464024,416740,H2J6X7,2/13/2015,2,1
ma478101,300960,H2W6I7,5/28/2015,1,1
tr134134,593395,H1B6O7,5/1/2015,5,1
du784948,680074,H2P6Q7,2/4/2015,5,1
ma171601,410794,H2P6A7,1/30/2015,5,1
ma888911,500496,H2R5K7,1/11/2015,4,1
du194139,621403,H4E5K7,5/11/2015,5,1
ma481416,485370,H2Z5A7,4/22/2015,3,1
tr50673,627754,H3R5G7,4/17/2015,2,1
ma832308,377556,H2H5O7,5/17/2015,4,1
du193439,581578,H4C5J7,2/14/2015,3,1
du210041,610025,H1L4X7,4/26/2015,4,1
ma318190,513688,H1Y4S7,5/26/2015,4,1
tr922160,600475,H1X4Y7,6/20/2015,1,1
tr771797,641340,H3N4W7,3/17/2015,2,1
ma598181,456294,H2G3A7,6/5/2015,2,1
tr830876,640419,H2Y3B7,3/28/2015,1,1
du151968,632307,H3Y3D7,6/11/2015,4,1
du56358,669399,H2T3A7,3/20/2015,2,1
ma867525,409748,H2W3I7,2/24/2015,4,1
du231965,621051,H2T3U7,6/29/2015,1,1
ma564826,390067,H2Y3A7,1/18/2015,2,1
du925772,611967,H1X3L7,4/20/2015,4,1
ma778072,484837,H3A3U7,5/2/2015,5,1
tr466409,649685,H4G3R7,1/19/2015,4,1
ma728997,469921,H2H3T7,1/3/2015,4,1
du356090,643166,H2V3O7,1/20/2015,3,1
ma12266,493244,H2R3V7,3/16/2015,2,1
ma21923,452637,H2R3B7,3/26/2015,4,1
tr425209,658078,H4G3I7,6/3/2015,5,1
du264877,630954,H1L2A7,5/18/2015,1,1
ma366248,536146,H2Y2Y7,4/16/2015,1,1
ma169698,518938,H2N2Z7,5/2/2015,5,1
du837275,666289,H2A2J7,1/29/2015,3,1
ma101431,412473,H2C2D7,2/16/2015,5,1
ma642820,412961,H3E2L7,3/26/2015,3,1
tr187277,601498,H1X2I7,1/18/2015,2,1
ma905875,388634,H1X2E7,5/8/2015,1,1
tr385511,680182,H3S2C7,4/5/2015,1,0
du102061,626128,H3H2A7,5/16/2015,2,0
du300050,590099,H2T2N7,5/4/2015,2,0
du143593,577046,H3T2O7,4/12/2015,1,0
ma421262,379292,H2W1T7,6/18/2015,2,0
ma986588,428198,H1X1L7,5/12/2015,2,0
tr516558,607619,H3X1M7,1/13/2015,1,0
tr519098,619938,H3Z1B7,5/16/2015,2,0
ma85590,432600,H3C1A7,5/8/2015,4,0
du843866,650614,H2C1L7,4/30/2015,3,0
tr258755,704808,H1P1I7,3/16/2015,2,0
tr523342,625950,H4B1C7,5/2/2015,5,0
ma786427,392616,H2N1A7,6/4/2015,3,0
du617633,653913,H2C0K7,1/27/2015,2,0
tr978857,688099,H3M0C7,2/11/2015,3,0
du368005,648953,H3B0G7,6/7/2015,4,0
ma384042,438287,H2Z0N7,4/4/2015,3,0
ma671836,529014,H3A0E7,3/1/2015,1,0
du229252,622427,H2S0Y7,4/14/2015,1,0
du80033,661213,H2V0T7,1/28/2015,4,0
tr823183,709239,H4H0J7,1/21/2015,1,0
tr7413,644684,H4B0J7,6/27/2015,3,0
du496378,645454,H2R1P6,2/8/2015,2,0
ma328636,402717,H2A1F6,5/28/2015,1,0
ma426395,392280,H2X1Y6,6/20/2015,1,0
tr734281,585775,H3Z1G6,3/6/2015,5,0
tr520511,668183,H4A1V6,3/30/2015,5,0
ma354013,405298,H2T1W6,1/31/2015,3,0
tr748946,671481,H4K1V6,5/5/2015,3,0
du599704,599363,H1T1P6,3/15/2015,1,0
ma247272,517074,H3E1Y6,3/13/2015,1,0
du469050,616516,H2X1Q6,5/6/2015,4,0
ma867409,474691,H2V9U6,4/17/2015,5,0
tr821149,683536,H4G9H6,6/10/2015,4,0
ma631224,402743,H2Z9G6,5/2/2015,4,0
tr694271,660002,H3J9W6,4/7/2015,3,0
ma278164,407452,H3E9M6,6/2/2015,3,0
ma276803,450791,H3C9L6,5/1/2015,4,0
du891003,691695,H2A9Y6,2/15/2015,5,0
du905138,608564,H2K9D6,3/29/2015,5,0
ma463674,547305,H2H9C6,2/15/2015,5,0
ma911742,529916,H2B9U6,4/17/2015,5,0
tr46347,664880,H4E9E6,2/10/2015,5,0
du715287,654886,H3A9O6,3/31/2015,5,0
ma611640,430092,H2P9U6,4/27/2015,1,0
tr370384,638641,H3N8N6,3/1/2015,3,0
ma809096,346596,H3B8B6,2/24/2015,5,0
tr135168,629049,H1C8P6,3/10/2015,4,0
tr869942,624981,H2Y8O6,3/22/2015,5,0
du388178,627095,H1J8C6,2/11/2015,1,0
ma250697,445557,H2R8O6,6/8/2015,5,0
du31867,636573,H3A8A6,2/2/2015,5,0
ma642862,471773,H2N8M6,3/14/2015,4,0
tr672348,584546,H4H8X6,5/1/2015,3,0
ma85289,421943,H2Y8B6,4/30/2015,1,0
tr9223,676666,H1Y8U6,6/20/2015,4,0
ma749041,344514,H2V7G6,4/25/2015,2,0
tr416598,618461,H4E7U6,5/14/2015,1,0
tr411399,597885,H4B7T6,4/7/2015,2,0
ma642478,436190,H3C7K6,3/5/2015,1,0
ma696211,456522,H2Y7G6,5/18/2015,1,0
du859685,622500,H2H7B6,1/30/2015,5,0
ma69707,398284,H2Z7H6,1/15/2015,1,0
tr193372,591627,H2B7S6,1/9/2015,4,0
ma877424,472415,H3C7F6,6/28/2015,4,0
ma274826,499896,H3B6K6,1/12/2015,2,0
tr220673,626810,H2M6M6,5/26/2015,1,0
du406400,598003,H1S6R6,5/8/2015,5,0
tr376473,719599,H3P6B6,5/22/2015,3,0
ma334815,404003,H2E5J6,1/17/2015,1,0
tr884647,634197,H3E5F6,6/30/2015,3,0
ma110127,437917,H2K5K6,6/5/2015,4,0
du203557,645791,H4J5N6,2/21/2015,1,0
ma999559,397321,H2H5A6,4/24/2015,4,0
ma931105,480819,H2M5G6,3/12/2015,5,0
tr986150,596138,H3R5Q6,6/8/2015,2,0
du467308,624577,H2S5C6,5/28/2015,4,0
ma373555,400826,H2P5D6,4/15/2015,1,0
ma954553,465996,H1J5X6,4/30/2015,3,0
tr743844,700164,H4E5L6,4/17/2015,5,0
du224489,645552,H2P5R6,1/20/2015,1,0
ma597622,444269,H2C5X6,3/27/2015,1,0
tr459647,670683,H4B5Q6,2/7/2015,1,0
ma149917,513155,H2C4K6,2/8/2015,4,0
du892227,601469,H2B4U6,3/22/2015,4,0
tr699115,605325,H3M4T6,2/14/2015,1,0
ma348695,392147,H2M4V6,5/19/2015,4,0
tr82395,648790,H4J4K6,6/20/2015,1,0
du458001,655071,H3T4P6,3/23/2015,3,0
du518808,613380,H1H4V6,6/13/2015,2,0
du580947,445914,H2N4S6,4/20/2015,1,0
du477193,613662,H2A4A6,2/25/2015,3,0
du639554,537049,H2S4G6,5/26/2015,4,0
du892063,616918,H3J4A6,1/1/2015,1,0
du475120,611249,H2J4B6,6/6/2015,2,0
du537146,669522,H1L3H6,2/22/2015,4,0
du925918,489035,H2M3L6,3/26/2015,5,0
du836375,403890,H3E3X6,6/30/2015,2,0
du87301,428418,H2G3R6,4/19/2015,4,0
du495335,345943,H2W3E6,5/9/2015,3,0
du243505,353265,H2V3X6,1/17/2015,4,0
du615794,635329,H2S3A6,2/18/2015,1,0
du869994,686093,H3M2R6,4/25/2015,3,0
du324154,404526,H3B2K6,5/29/2015,5,0
du928292,619791,H1L2Z6,1/17/2015,4,0
du766274,661004,H1X2I6,5/8/2015,5,0
du182169,423184,H2Y2Q6,1/26/2015,4,0
du758578,416532,H1Y2N6,1/20/2015,2,0
du949110,609223,H2N2I6,5/7/2015,3,0
du5008,365252,H3C2V6,4/24/2015,3,0
du184728,573520,H2G2G6,2/10/2015,4,0
du838597,593690,H3X1J6,3/28/2015,1,0
du107125,647266,H1X1I6,1/17/2015,2,0
du619747,491676,H2V1Z6,4/1/2015,3,0
du439798,653421,H2E1O6,3/7/2015,3,0
du227376,622879,H3E1U6,1/24/2015,1,0
du989044,659414,H2G1C6,1/14/2015,1,0
du937413,407924,H3B1D6,2/10/2015,1,0
du826271,413020,H2A0Y6,5/12/2015,1,0
du683236,438318,H2E0O6,4/1/2015,1,0
du982582,647785,H3B0U6,2/19/2015,2,0
du441503,435175,H2L0F6,5/2/2015,5,0
du770117,669865,H2R1K5,5/3/2015,3,0
du502912,398376,H2Y1F5,5/23/2015,2,0
du137045,610837,H3J1N5,1/12/2015,2,0
du505615,656782,H3V1R5,1/23/2015,5,0
du669441,624479,H2H1N5,3/13/2015,4,0
du974274,372846,H1X9A5,6/21/2015,4,0
du868777,578900,H2K9K5,4/20/2015,5,0
du508092,471395,H2N9H5,5/20/2015,4,0
du436847,318235,H1T9D5,2/4/2015,4,0
du747472,602666,H3K9K5,5/14/2015,5,0
du76585,380685,H2J8J5,1/31/2015,3,0
du269406,453568,H2X8K5,4/22/2015,1,0
du764775,582450,H3V8P5,6/27/2015,3,0
du18735,429717,H2Z8I5,1/22/2015,1,0
du164677,703156,H3N8X5,1/14/2015,1,0
du304930,661787,H2X8C5,1/15/2015,4,0
du831282,665718,H3S8M5,3/1/2015,4,0
du730505,662750,H2V8Y5,1/31/2015,3,0
du744477,500502,H1T8X5,4/7/2015,4,0
du466331,645933,H3H8C5,1/2/2015,1,0
du57954,663286,H2Y8N5,5/28/2015,4,0
du807244,345745,H2P7N5,4/25/2015,2,0
du321710,472316,H2R7V5,5/23/2015,5,0
du79711,649784,H4E7A5,5/10/2015,2,0
du781940,304351,H2S7L5,2/12/2015,5,0
du403846,582125,H3Z7L5,3/23/2015,2,0
du754649,630763,H2Y7W5,3/25/2015,2,0
du330148,621290,H2X6U5,3/28/2015,3,0
du166441,646783,H4C6X5,4/12/2015,4,0
du228039,616098,H3B6P5,1/15/2015,1,0
du452574,383707,H2Z6Y5,6/17/2015,2,0
du800295,313992,H2B6S5,4/30/2015,3,0
du170747,395015,H2A6A5,2/7/2015,1,0
du770456,364328,H3B6A5,4/25/2015,1,0
du593793,507156,H3B6A5,4/27/2015,4,0
du628330,589341,H4C6B5,1/31/2015,2,0
du889145,603061,H3N6G5,3/21/2015,3,0
du435373,463298,H2E5X5,6/16/2015,4,0
du843327,645375,H1R5G5,4/12/2015,3,0
du121822,311975,H2S5V5,5/2/2015,3,0
du46149,598585,H2X5P5,3/24/2015,5,0
du195278,394325,H2T5U5,4/17/2015,5,0
du497052,611438,H3A5B5,4/22/2015,4,0
du949149,648831,H3V5U5,4/12/2015,3,0
du896872,594910,H3K5U5,5/28/2015,3,0
du545820,579797,H3T4F5,2/5/2015,4,0
du344191,607691,H3E4A5,1/29/2015,5,0
du777042,453485,H2W4A5,3/6/2015,2,0
du181494,700025,H3S4Q5,6/26/2015,1,0
du829980,346246,H3A4M5,1/15/2015,3,0
du426907,649781,H3M4O5,4/6/2015,3,0
du799992,591134,H1M4H5,3/22/2015,1,0
du543911,430508,H2Y4W5,5/14/2015,5,0
du146789,477222,H2J3B5,4/21/2015,1,0
du69849,394851,H2R3S5,1/28/2015,1,0
du925037,469172,H2S3W5,3/28/2015,5,0
du126995,358089,H3A3D5,5/21/2015,5,0
du214395,616536,H3E3H5,1/21/2015,5,0
du179547,430654,H3A3Z5,5/27/2015,2,0
du282693,652179,H1E3A5,4/15/2015,4,0
du320377,607327,H3E3N5,4/17/2015,5,0
du445358,457849,H2N3U5,6/6/2015,4,0
du715277,587510,H4A3A5,1/9/2015,1,0
du283589,670100,H2X3I5,5/28/2015,5,0
du595536,618268,H1M3S5,3/16/2015,4,0
du224985,697719,H3L3G5,5/21/2015,5,0
du86292,338347,H2P3E5,3/5/2015,2,0
du903584,490980,H4K3G5,4/16/2015,3,0
du977741,661017,H3E3U5,6/27/2015,5,0
du583559,378608,H3A3O5,4/6/2015,2,0
du886058,477405,H4J3Z5,4/22/2015,1,0
du92220,544376,H2B2G5,6/2/2015,2,0
du647196,637820,H3A2C5,2/17/2015,5,0
du735871,681210,H3J2J5,2/24/2015,2,0
du258503,649849,H2L2E5,1/22/2015,1,0
du882612,696047,H4J2B5,1/1/2015,3,0
du248945,510669,H2Y2K5,2/13/2015,1,0
du731403,619483,H4C2F5,1/2/2015,5,0
du914081,634499,H3A2R5,5/12/2015,3,0
du647022,391570,H2N2H5,4/22/2015,4,0
du274955,711086,H3X2O5,1/21/2015,2,0
du626776,425687,H2K2N5,3/5/2015,1,0
du798302,404998,H2P1X5,6/29/2015,3,0
du378607,379313,H2S1P5,2/4/2015,5,0
du282234,435494,H2V1A5,1/20/2015,4,0
du331681,577588,H3B1I5,3/14/2015,4,0
du945347,537571,H1X1Q5,6/24/2015,4,0
du325208,698774,H3H1Q5,4/28/2015,5,0
du269860,428984,H2X1J5,5/22/2015,2,0
du886025,415429,H2N1U5,4/10/2015,4,0
du221227,532323,H3Y0P5,3/13/2015,2,0
du168713,458338,H1X0M5,2/15/2015,5,0
du574439,394107,H2K0D5,3/21/2015,2,0
du39917,432989,H2A1B4,1/6/2015,1,0
du51883,610883,H2J1S4,4/24/2015,2,0
du909304,481813,H2B1Q4,5/21/2015,3,0
du772008,526292,H3A1R4,3/29/2015,4,0
du656866,478111,H2L1I4,1/11/2015,4,0
du745208,413853,H1A9L4,1/6/2015,4,0
du714459,592615,H3P9F4,3/30/2015,4,0
du338555,420050,H2C9Y4,3/12/2015,5,0
du619709,634693,H2E9V4,3/21/2015,4,0
du707921,649135,H2R9G4,6/5/2015,2,0
du726151,406304,H2X9R4,2/9/2015,5,0
du358624,606272,H3W9A4,4/16/2015,4,0
du199385,660126,H2Z9E4,3/7/2015,1,0
du835953,482593,H3A9S4,1/4/2015,2,0
du151123,472675,H2S9J4,4/27/2015,3,0
du991136,523656,H1P9L4,6/4/2015,4,0
du49477,662041,H2K9C4,3/11/2015,2,0
du496695,461292,H1P8E4,6/3/2015,2,0
du332565,655151,H1S8W4,2/3/2015,5,0
du657020,514363,H1W8G4,6/22/2015,4,0
du790882,552458,H2R8E4,6/26/2015,4,0
du339155,449238,H2E8U4,1/23/2015,3,0
du195911,419370,H3E8G4,6/26/2015,3,0
du143364,406373,H2T8O4,2/15/2015,2,0
du329916,625110,H1P8W4,3/18/2015,1,0
du382853,390690,H3E8A4,5/13/2015,5,0
du482908,705195,H4A8H4,5/21/2015,5,0
du943329,486668,H2X8A4,2/26/2015,2,0
du616457,432113,H2T8Y4,3/6/2015,3,0
du626917,375131,H1Z8E4,2/1/2015,3,0
du700490,625824,H3L8L4,6/7/2015,1,0
du971977,643269,H2N8Z4,5/17/2015,3,0
du863825,633988,H4J8F4,6/13/2015,2,0
du146616,484015,H3E7S4,3/26/2015,2,0
du326983,600776,H1X7D4,3/26/2015,4,0
du998460,469154,H2N7P4,3/18/2015,5,0
du645323,427138,H1Y7X4,5/20/2015,3,0
du284426,505447,H2Z7M4,6/15/2015,1,0
du291744,655193,H2R7V4,3/20/2015,4,0
du459237,592129,H2M6D4,1/20/2015,2,0
du860562,454902,H2R6B4,4/12/2015,4,0
du473595,672713,H3W6I4,5/4/2015,3,0
du168265,384020,H2X6F4,3/2/2015,1,0
du761300,653991,H3T6J4,3/5/2015,5,0
du624910,482607,H2S6D4,3/19/2015,3,0
du691855,654392,H1T6E4,5/2/2015,1,0
du765309,357847,H2S6Q4,4/20/2015,1,0
du729479,511130,H2Y6M4,6/4/2015,5,0
du125716,378135,H2R6Q4,3/5/2015,2,0
du653381,616971,H3C5Y4,2/27/2015,4,0
du404137,440856,H3A5S4,6/22/2015,3,0
du957463,401076,H3E5G4,6/4/2015,3,0
du57323,469857,H2R5U4,3/4/2015,1,0
du995377,714754,H2R5V4,1/6/2015,4,0
du688631,596139,H1P5F4,4/4/2015,3,0
du545648,650798,H1X5F4,3/20/2015,3,0
du210412,440957,H2P5H4,1/5/2015,7,0
du246216,516758,H2J5P4,5/20/2015,7,0
du573444,677414,H3E5Z4,2/1/2015,7,0
du566797,622049,H4G4S4,3/29/2015,7,0
du272584,457714,H2B4J4,3/3/2015,1,0
du831546,594445,H3Z4Z4,2/12/2015,4,0
du186352,526216,H2X4O4,3/24/2015,4,0
du19911,615195,H3E4E4,4/27/2015,1,0
du88541,649705,H2M4M4,1/4/2015,2,0
du152377,442742,H1Z4R4,4/15/2015,1,0
du721081,654152,H2X4Y4,6/2/2015,6,0
du354452,607849,H1Z4T4,5/22/2015,5,0
du636752,614464,H2R4U4,2/28/2015,3,0
du40015,718139,H2P3W4,5/16/2015,2,0
du431305,443921,H2W3R4,1/29/2015,3,0
du870742,385745,H3A3G4,2/11/2015,5,0
du136795,462773,H1C3N4,1/7/2015,5,0
du346009,411437,H3C3G4,4/7/2015,1,0
du455605,405144,H2R3Z4,3/16/2015,5,0
du570316,609191,H3Y3X4,4/18/2015,7,0
du720844,599967,H2M3Z4,1/5/2015,3,0
du514485,685285,H3A3A4,4/11/2015,4,0
du8610,453684,H2C3U4,1/2/2015,7,0
du904902,424764,H2V2N4,1/29/2015,4,0
du224067,607449,H4C2W4,1/8/2015,4,0
du168121,400616,H2T2H4,6/8/2015,4,0
du567530,384039,H2S2L4,5/25/2015,6,0
du644648,605578,H1C2J4,6/24/2015,1,0
du889303,387362,H2L2L4,2/19/2015,6,0
du7182,426236,H2B2Y4,2/11/2015,4,0
du738683,521753,H2Z2S4,5/7/2015,5,0
du355969,630915,H2P2A4,2/24/2015,3,0
du856495,426107,H2V2U4,3/23/2015,2,0
du192703,345113,H2R2K4,6/1/2015,4,0
du150367,462130,H2K2A4,2/15/2015,3,0
du602038,456739,H2N2C4,1/12/2015,3,0
du457177,631109,H4G2Q4,6/26/2015,4,0
du264780,475630,H2A2T4,2/18/2015,5,0
du518077,389302,H2V2R4,5/29/2015,7,0
du486328,323615,H2P2A4,1/22/2015,5,0
du997367,641774,H4K2B4,4/22/2015,3,0
du633043,442382,H3B2D4,1/8/2015,5,0
du10120,660692,H1P1Q4,1/30/2015,7,0
du699273,401139,H1Y1R4,5/17/2015,2,0
du455037,590624,H1K1G4,4/28/2015,6,0
du941514,558359,H2N1N4,2/9/2015,3,0
du91925,326827,H2C1I4,1/19/2015,2,0
du668452,724450,H4C1Y4,6/21/2015,1,0
du30751,689518,H2S1X4,5/9/2015,6,0
du503987,468239,H2Z1V4,3/6/2015,2,0
du30783,652070,H1Z1H4,6/8/2015,3,0
du801462,372733,H2N1F4,4/5/2015,2,0
du842958,393692,H2H0H4,4/12/2015,2,0
du363971,463592,H2G0I4,6/4/2015,1,0
du752129,609353,H2X0Q4,5/3/2015,1,0
du685915,636743,H1X0E4,4/8/2015,6,0
du348159,384406,H2M0F4,6/3/2015,2,0
du176579,630977,H1M0A4,5/10/2015,3,0
du928177,646959,H2R1Q3,4/9/2015,3,0
du960511,679957,H3T1E3,5/23/2015,2,0
du202085,354336,H2W1S3,5/17/2015,6,0
du430997,543780,H4G1M3,5/27/2015,2,0
du635402,683000,H3S9K3,3/3/2015,5,0
du405891,694895,H3S9O3,1/27/2015,6,0
du466584,608599,H3Y9F3,4/4/2015,5,0
du392676,524083,H2X9P3,5/2/2015,7,0
du941301,487399,H2R9O3,4/19/2015,1,0
du899733,505592,H2S9P3,1/25/2015,4,0
du681352,608073,H3T9Y3,5/17/2015,3,0
du170148,674537,H1Y9G3,2/23/2015,1,0
du954370,474229,H1X9H3,5/22/2015,2,0
du355317,368914,H2R9H3,2/9/2015,2,0
du23176,699778,H3J9N3,1/25/2015,2,0
du562650,650401,H2R9W3,6/10/2015,7,0
du2472,681328,H2L9E3,2/22/2015,4,0
du789197,484312,H2W9Z3,6/2/2015,6,0
du789659,636420,H3B9S3,2/14/2015,7,0
du302864,458592,H2W9O3,4/2/2015,4,0
du204463,640090,H3B8T3,3/4/2015,7,0
du659888,701905,H4K8R3,2/7/2015,3,0
du731767,679925,H1Z8P3,1/12/2015,6,0
du24976,503971,H2W8B3,2/1/2015,2,0
du440795,593126,H3L8V3,3/18/2015,3,0
du608977,640506,H2N8E3,5/30/2015,7,0
du191278,657790,H2K8V3,6/16/2015,2,0
du939328,601529,H2S8U3,5/8/2015,5,0
du69028,398694,H3E8K3,6/4/2015,3,0
du894,401708,H2T8C3,2/8/2015,7,0
du512847,561581,H3L7I3,3/4/2015,3,0
du941124,620321,H2Z7D3,4/4/2015,4,0
du385242,603654,H2W7T3,4/22/2015,1,0
du633,360154,H2J7M3,2/9/2015,6,0
du930357,573658,H1L7P3,3/27/2015,2,0
du886638,637612,H2V7I3,4/18/2015,7,0
du196233,623117,H3E7S3,6/28/2015,4,0
du662993,517950,H1A7I3,4/6/2015,3,0
du511826,731390,H4B7D3,4/5/2015,3,0
du363722,679113,H3K7S3,3/14/2015,5,0
du817194,464468,H1Z7T3,3/25/2015,6,0
du895927,475382,H3B7T3,5/14/2015,6,0
du494301,409319,H2T6C3,2/17/2015,3,0
du654805,638797,H3P6Z3,2/8/2015,4,0
du705113,494561,H2J6Y3,1/16/2015,4,0
du39953,421125,H2L6D3,6/30/2015,2,0
du934981,682626,H3T6N3,6/21/2015,5,0
du282766,661130,H2X6E3,1/10/2015,6,0
du77546,634581,H2Y6S3,4/15/2015,7,0
du800987,393103,H2Y6G3,5/15/2015,1,0
du798081,617035,H3H6T3,6/8/2015,3,0
du679553,691166,H2W6M3,4/22/2015,4,0
du294812,682806,H3J5X3,2/20/2015,5,0
du212144,710281,H3T5X3,1/6/2015,4,0
du389442,573114,H4J5Y3,6/13/2015,5,0
du569340,609128,H2C5D3,6/1/2015,1,0
du255778,428115,H1Z5G3,4/29/2015,4,0
du562491,356226,H1W5P3,4/8/2015,5,0
du835675,605753,H3V5B3,6/27/2015,5,0
du203178,595671,H2J5J3,2/7/2015,1,0
du980880,406660,H1W5V3,3/5/2015,1,0
du199400,366888,H2W5M3,3/27/2015,1,0
du686574,446222,H2X5D3,6/30/2015,4,0
du356732,344331,H2X4T3,2/7/2015,6,0
du53828,379387,H2Y4U3,3/21/2015,3,0
du949663,384402,H2B4M3,2/22/2015,2,0
du619613,648289,H3B3Q3,2/2/2015,3,0
du985768,640113,H2L3L3,2/5/2015,1,0
du766706,674611,H1B3H3,5/23/2015,2,0
du113908,645375,H2E3M3,6/9/2015,1,0
du306076,649367,H4H3M3,6/14/2015,1,0
du815166,531865,H3B3P3,2/6/2015,5,0
du179456,637830,H4K3L3,1/22/2015,7,0
du806752,602878,H2G2P3,5/23/2015,2,0
du806032,643363,H3M2C3,6/11/2015,6,0
du446928,618992,H4B2O3,4/13/2015,2,0
du979815,672655,H2N2N3,5/25/2015,5,0
du715647,638997,H2N2J3,2/21/2015,3,0
du708126,639522,H1Y2O3,2/21/2015,6,0
du639869,638925,H2P2J3,4/5/2015,7,0
du504736,478293,H2S2A3,4/11/2015,2,0
du923680,426593,H2L2R3,4/23/2015,2,0
du855120,674129,H3P2E3,5/4/2015,7,0
du145222,633777,H3E2O3,3/10/2015,6,0
du59274,641813,H2S1C3,3/19/2015,2,0
du146058,403776,H2T1A3,4/20/2015,2,0
du836842,623850,H1M1Y3,6/9/2015,3,0
du754503,659341,H2N1B3,5/10/2015,6,0
du659959,482130,H2A1H3,1/21/2015,6,0
du343779,403695,H2Y1T3,4/3/2015,4,0
du170644,619578,H3C1Z3,1/5/2015,6,0
du138390,455370,H2J1A3,1/20/2015,4,0
du5014,345922,H2P1I3,2/20/2015,3,0
du145390,600900,H1N1U3,1/10/2015,3,0
du575373,623434,H1K1R3,5/4/2015,4,0
du269795,607326,H1C1M3,4/3/2015,3,0
du569512,418180,H2E0B3,6/20/2015,7,0
du238079,667717,H3L0A3,3/23/2015,5,0
du91249,671512,H4E0V3,1/14/2015,4,0
du589391,678840,H2V0D3,3/19/2015,5,0
du170354,424841,H2G0Z3,6/26/2015,3,0
du305437,397020,H2C0H3,5/16/2015,6,0
du490985,409543,H2P0I3,4/15/2015,5,0
du168152,638977,H1E1K2,4/10/2015,3,0
du432564,676826,H2V9K2,5/7/2015,7,0
du689067,459232,H2N9N2,4/15/2015,7,0
du601718,491479,H3C9C2,3/24/2015,7,0
du578882,390599,H2Z9F2,4/21/2015,5,0
du229041,540128,H2G9G2,5/16/2015,5,0
du21525,646440,H2P9F2,1/1/2015,1,0
du499246,544460,H2X9N2,1/11/2015,3,0
du711048,640767,H2A9O2,5/30/2015,2,0
du608380,432888,H2V9S2,2/2/2015,2,0
du908908,651048,H4E9G2,4/26/2015,4,0
du735502,669751,H1R9Q2,1/25/2015,5,0
du492883,647379,H2B9K2,2/11/2015,3,0
du742257,668639,H3A8P2,4/18/2015,2,0
du386897,662183,H3J8O2,2/5/2015,6,0
du97181,475743,H2V8P2,6/13/2015,7,0
du952208,592780,H3W8L2,1/11/2015,2,0
du872770,619899,H2W8Y2,1/22/2015,3,0
du677815,663275,H3A8K2,4/22/2015,5,0
du232333,342863,H2L8K2,3/9/2015,7,0
du483569,533413,H2R8R2,3/4/2015,7,0
du177657,669869,H1N8X2,3/28/2015,5,0
du511111,452242,H1T8N2,3/16/2015,3,0
ma911466,623971,H1M7Z2,4/14/2015,5,0
ma188344,416030,H2A7V2,1/13/2015,4,0
ma425305,599428,H1B7X2,3/1/2015,5,0
ma486084,635529,H3H7S2,5/9/2015,5,0
ma67759,601390,H1W7S2,1/28/2015,7,0
ma513214,683005,H1Y7M2,6/5/2015,3,0
ma502199,624150,H2M7R2,4/19/2015,5,0
ma439738,530249,H2Z7A2,5/30/2015,4,0
ma505055,422221,H2H6T2,4/17/2015,3,0
ma524422,321936,H2P6N2,2/3/2015,5,0
ma711565,626181,H2S6H2,4/13/2015,5,0
ma402333,498988,H3B6V2,1/5/2015,4,0
ma207253,457018,H1W6A2,4/5/2015,6,0
ma949027,616171,H1E6A2,2/12/2015,2,0
ma622666,408822,H3E6V2,2/24/2015,5,0
ma868972,669063,H3X6S2,3/1/2015,3,0
ma103403,468197,H3E5U2,3/1/2015,6,0
ma247049,590238,H3V5G2,3/2/2015,5,0
ma671446,620608,H2Z5T2,1/5/2015,5,0
ma422402,322105,H2W5Z2,3/18/2015,7,0
ma139222,581608,H3Z5A2,2/10/2015,4,0
ma630586,669030,H2P5B2,4/18/2015,1,0
ma261325,645160,H3V5M2,5/6/2015,1,0
ma227966,658389,H2E5X2,1/7/2015,7,0
ma921135,386497,H2M5X2,5/28/2015,2,0
ma996840,492811,H3E5M2,1/15/2015,2,0
ma254309,406418,H2P5J2,2/9/2015,3,0
ma629376,677662,H4A5I2,4/8/2015,5,0
ma589815,629846,H3C5I2,5/9/2015,4,0
ma559362,678778,H2T5J2,4/8/2015,2,0
ma35891,427641,H1E5B2,4/19/2015,6,0
ma71795,435565,H2X4F2,1/10/2015,3,0
ma984880,538657,H3J4Y2,4/16/2015,1,0
ma138297,661565,H2P4B2,5/23/2015,1,0
ma919859,645515,H2G4Z2,1/28/2015,7,0
ma21631,407679,H2W4D2,6/14/2015,7,0
ma850319,605003,H2Y4U2,6/10/2015,7,0
ma494345,439632,H2L4B2,6/24/2015,5,0
ma613613,390473,H2L3C2,6/30/2015,6,0
ma228715,642575,H2M3G2,6/26/2015,2,0
ma261836,384363,H3C3O2,3/13/2015,6,0
ma63745,627848,H2Y3X2,3/3/2015,7,0
ma93577,633022,H2B3V2,5/1/2015,4,0
ma372596,396522,H2R3F2,1/13/2015,6,0
ma600017,642177,H3M3S2,5/1/2015,1,0
ma47356,582509,H4E3A2,2/26/2015,7,0
ma278108,638101,H3N3J2,3/13/2015,2,0
ma62877,609669,H4G3L2,2/24/2015,5,0
ma762127,464985,H2M3T2,4/21/2015,7,0
ma40000,584098,H1H3D2,2/27/2015,3,0
ma634852,604939,H2A2A2,3/1/2015,4,0
ma552523,324093,H2V2I2,1/30/2015,7,0
ma394221,643866,H3Y2N2,4/7/2015,2,0
ma792279,634646,H2H2A2,2/15/2015,4,0
ma954971,433847,H3A2Z2,1/11/2015,4,0
ma533172,676397,H2P2O2,4/27/2015,7,0
ma316302,386393,H1W2L2,3/31/2015,2,0
ma505905,611963,H1V2R2,2/2/2015,2,0
ma687481,665809,H2N2D2,3/27/2015,3,0
ma592055,597989,H3Y2K2,6/27/2015,6,0
ma903168,655070,H2R1V2,4/26/2015,4,0
ma954009,373991,H1V1O2,3/8/2015,3,0
ma616717,637926,H2B1J2,3/8/2015,7,0
ma343734,396010,H2S1V2,3/15/2015,6,0
ma426553,456790,H2K1U2,5/20/2015,4,0
ma991905,572675,H3M1M2,6/3/2015,7,0
ma654370,606607,H2K0W2,5/25/2015,7,0
ma336955,613094,H3X0C2,1/20/2015,6,0
ma109930,615950,H2K0K2,5/14/2015,2,0
ma676166,605780,H3N0X2,3/19/2015,1,0
ma970074,414610,H2Z0E2,2/12/2015,3,0
ma721880,480455,H1X0W2,5/11/2015,4,0
ma579554,385720,H2J1W1,6/12/2015,5,0
ma680441,674763,H1G1Q1,2/14/2015,5,0
ma863008,605492,H2W1V1,3/5/2015,1,0
ma771152,471709,H2P1S1,4/13/2015,4,0
ma854491,722692,H1R1M1,5/24/2015,1,0
ma524867,657177,H2J9V1,2/15/2015,3,0
ma20446,619863,H2P9T1,4/8/2015,4,0
ma446742,667890,H3C9A1,4/12/2015,5,0
ma513671,613971,H3S9T1,1/22/2015,5,0
ma901808,642466,H3C9X1,2/15/2015,7,0
ma327022,481847,H1Z9Z1,2/16/2015,6,0
ma381044,665956,H1H9W1,6/10/2015,1,0
ma856965,440567,H2T9F1,5/12/2015,6,0
ma568939,636932,H3C9D1,1/13/2015,1,0
ma307951,650374,H1C9Z1,6/17/2015,5,0
ma89549,737122,H1R9F1,6/8/2015,5,0
ma373759,657582,H4K9A1,5/5/2015,1,0
ma500208,626355,H3L9R1,4/30/2015,6,0
ma350241,637870,H1E8N1,1/19/2015,1,0
ma824534,653976,H2J8Q1,3/30/2015,3,0
ma624674,377132,H3C8P1,3/12/2015,5,0
ma128995,321476,H2N8P1,5/19/2015,7,0
ma573669,358673,H3A8J1,5/30/2015,5,0
ma925747,652371,H3C8W1,6/18/2015,5,0
ma212543,424190,H2T8G1,6/30/2015,2,0
ma618114,409913,H2K8U1,6/4/2015,4,0
ma908020,642382,H1M8A1,6/18/2015,3,0
ma182138,563340,H1N7J1,4/1/2015,2,0
ma74891,667737,H3V7Z1,5/22/2015,7,0
ma488794,476989,H2V7X1,4/7/2015,6,0
ma999435,485703,H2A7R1,5/20/2015,6,0
ma295510,636125,H2Y7W1,1/20/2015,6,0
ma462895,451694,H3A7I1,4/16/2015,2,0
tr417242,336131,H2W7B1,2/8/2015,1,0
tr482621,629482,H2Y7H1,4/30/2015,6,0
tr896275,633868,H1Y7O1,1/22/2015,6,0
tr407688,394023,H2T6M1,4/14/2015,4,0
tr238010,425302,H2X6N1,4/27/2015,2,0
tr504961,413427,H2P6R1,2/20/2015,1,0
tr140152,614988,H3P6Z1,2/10/2015,5,0
tr223020,588253,H1M6C1,3/15/2015,2,0
tr340260,501254,H2Z6X1,6/8/2015,6,0
tr978134,639586,H3N6T1,4/6/2015,7,0
tr443900,541323,H2Z6X1,1/15/2015,1,0
tr539874,451760,H1V6K1,1/15/2015,2,0
tr769653,693959,H3J5D1,6/12/2015,3,0
tr208727,702221,H4J5E1,6/7/2015,3,0
tr766079,370833,H2T5K1,1/20/2015,3,0
tr679699,605926,H2E5L1,3/14/2015,5,0
tr2612,414684,H3B5N1,6/23/2015,3,0
tr102359,636864,H1B5L1,4/11/2015,4,0
tr369100,626160,H1V5Y1,1/8/2015,2,0
tr877200,659989,H1W5U1,2/16/2015,7,0
tr437009,419357,H2W5A1,4/8/2015,6,0
tr474394,376582,H2X4Q1,3/22/2015,6,0
tr93763,691852,H2Y4R1,4/7/2015,5,0
tr422798,442389,H2C4W1,6/18/2015,3,0
tr280749,478834,H1B4M1,2/17/2015,2,0
tr581281,387077,H2N4T1,6/8/2015,4,0
tr730514,640598,H2Z4B1,1/24/2015,2,0
tr473889,432268,H3E4W1,4/15/2015,2,0
tr877851,434852,H2C4W1,1/26/2015,2,0
tr12151,469853,H3E4H1,3/19/2015,1,0
tr165910,521876,H2R3A1,5/9/2015,5,0
tr695422,705368,H3P3U1,3/2/2015,7,0
tr30957,740730,H2W3U1,4/11/2015,5,0
tr666989,439516,H3E3C1,2/6/2015,1,0
tr300832,655786,H3Z3F1,6/8/2015,5,0
tr202732,623617,H1Y3F1,2/14/2015,1,0
tr384747,720360,H1M3J1,3/18/2015,2,0
tr495094,556144,H1G3S1,4/19/2015,1,0
tr906775,370835,H2T3P1,6/9/2015,7,0
tr291966,345801,H1N3W1,1/12/2015,1,0
tr506860,624229,H3S3W1,4/3/2015,3,0
tr574160,610755,H2E3F1,6/28/2015,3,0
tr142809,371740,H2E3L1,2/18/2015,6,0
tr622488,408309,H2S3Y1,5/8/2015,3,0
tr873904,652715,H1P3D1,5/15/2015,2,0
tr857122,356539,H2S2T1,5/6/2015,3,0
tr83476,613200,H1K2B1,5/6/2015,7,0
tr961683,616165,H3L2E1,1/20/2015,7,0
tr718516,673392,H2G2G1,1/11/2015,3,0
tr843129,634116,H2N2A1,2/17/2015,3,0
tr999354,628740,H2N2H1,6/22/2015,6,0
tr12470,378286,H2N2C1,5/25/2015,4,0
tr811679,442222,H1L2A1,3/11/2015,2,0
tr142837,692436,H4C2K1,6/10/2015,3,0
tr319661,617928,H2X2G1,6/17/2015,4,0
tr243775,380034,H3B2O1,6/29/2015,2,0
tr216449,448248,H1V2B1,6/13/2015,6,0
tr457261,436857,H2V2L1,6/24/2015,3,0
tr764974,320739,H3C2Q1,5/8/2015,5,0
tr537993,670919,H2Z2P1,4/10/2015,7,0
tr506652,519493,H2V2J1,1/7/2015,5,0
tr289264,492155,H2R1Q1,3/13/2015,2,0
tr853780,625288,H2P1V1,6/12/2015,4,0
tr191377,619354,H1V1A1,1/17/2015,2,0
tr492508,608109,H3W1S1,2/23/2015,2,0
tr438809,636016,H3R1R1,3/14/2015,5,0
tr398021,604818,H2R1C1,1/12/2015,5,0
tr504673,635055,H1K1X1,1/26/2015,2,0
tr832460,377393,H2N1Y1,2/11/2015,5,0
tr800283,464591,H2S1O1,1/14/2015,1,0
tr292763,507512,H2M1O1,3/25/2015,7,0
tr183097,649896,H2W1P1,5/24/2015,5,0
tr968767,671001,H2T1X1,4/4/2015,2,0
tr822690,643297,H3Z1U1,1/23/2015,3,0
tr496685,659984,H3P0H1,6/3/2015,6,0
tr491799,629825,H2Z0I1,4/12/2015,2,0
tr963694,466533,H2X0V1,4/18/2015,1,0
tr161814,637879,H3X0D1,6/26/2015,6,0
tr299209,402609,H2Y1D0,5/16/2015,4,0
tr771804,407001,H2P1A0,5/26/2015,7,0
tr42958,718478,H3H1M0,1/25/2015,6,0
tr857878,462939,H2B1C0,6/23/2015,5,0
tr351894,481939,H3A1N0,6/19/2015,1,0
tr296518,440080,H2H9P0,2/2/2015,3,0
tr317668,591700,H3V9A0,6/14/2015,1,0
tr56398,656677,H2L9F0,6/28/2015,5,0
tr754903,567001,H3R9V0,2/5/2015,7,0
tr958448,768868,H3R8J0,6/20/2015,6,0
tr262181,387920,H2N8E0,2/10/2015,7,0
tr999688,533181,H3C8Q0,6/6/2015,6,0
tr921948,634696,H2A7H0,1/31/2015,2,0
tr936107,701678,H3M7F0,2/5/2015,2,0
tr191916,673906,H1R7L0,1/25/2015,1,0
tr982039,635749,H3C7H0,4/24/2015,1,0
tr928974,611505,H3H7H0,3/24/2015,3,0
tr257857,640771,H2H7A0,5/29/2015,4,0
tr749668,504782,H2N7N0,4/10/2015,7,0
tr199939,446689,H2N7H0,3/4/2015,2,0
tr299590,602579,H2J7Q0,5/16/2015,5,0
tr716643,685162,H3R7A0,3/5/2015,2,0
tr165271,435799,H3A6C0,1/7/2015,7,0
tr384075,596022,H2P6Y0,2/9/2015,2,0
tr806371,401749,H1Z6Z0,6/19/2015,7,0
tr530168,582308,H2T6T0,6/2/2015,1,0
tr638892,494465,H1T6I0,5/14/2015,5,0
tr3487,639415,H4H6T0,4/6/2015,2,0
tr329811,664153,H1L5V0,2/3/2015,7,0
tr155909,662982,H2W5O0,6/8/2015,6,0
tr790333,541922,H3X5Q0,2/12/2015,7,0
tr620489,403512,H3E5W0,5/5/2015,3,0
tr606071,677698,H2N4R0,2/19/2015,2,0
tr404645,405599,H1Y4J0,6/22/2015,7,0
tr323099,419233,H2Y4Q0,1/18/2015,4,0
tr836130,449608,H2N4Z0,2/25/2015,7,0
tr665732,738729,H3L3V0,3/3/2015,7,0
tr300405,492561,H3V3Y0,6/10/2015,6,0
tr477851,597643,H2W3A0,2/14/2015,7,0
tr902305,408031,H2P3J0,3/26/2015,6,0
tr406508,504714,H3E2Y0,2/7/2015,1,0
tr421463,380743,H1X2C0,3/22/2015,7,0
tr963690,498217,H2H1Q0,1/16/2015,7,0
tr142136,333384,H2L1S0,3/23/2015,4,0
tr599077,656270,H3C1Y0,4/6/2015,3,0
tr867807,635051,H3W1V0,2/2/2015,1,0
tr256139,386725,H2W1J0,3/11/2015,6,0
tr890662,642743,H2G1M0,3/12/2015,5,0
tr289103,327299,H2E1I0,1/18/2015,6,0
tr134099,473907,H2A1L0,3/14/2015,6,0
